[
  {
    "image": "assets/images/bigBeefyImage.png",
    "title": "Big Beefy",
    "subTitle": "Hot Burger",
    "price": 55
  },
  {
    "image": "assets/images/spicyChickenImage.png",
    "title": "Spicy Chicken",
    "subTitle": "Hot Burger",
    "price": 55
  },
  {
    "image": "assets/images/doubleStackImage.png",
    "title": "Double Stack",
    "subTitle": "Hot Burger",
    "price": 55
  },
  {
    "image": "assets/images/veggiePattyImage.png",
    "title": "Veggie Patty",
    "subTitle": "Hot Burger",
    "price": 55
  }
]
